{
  "eslint.config.js": 1776097989.866171,
  "packages/shared/src/index.ts": 1776098029.908899,
  "packages/shared/src/types/index.ts": 1776098034.30168,
  "packages/shared/src/utils/permissions.ts": 1776098741.565123,
  "packages/shared/src/utils/format.ts": 1776098858.8617814,
  "packages/shared/src/utils/index.ts": 1776098036.5171344,
  "packages/shared/src/schemas/rfi.schema.ts": 1776098758.733557,
  "packages/shared/src/schemas/snag.schema.ts": 1776098755.0928102,
  "packages/shared/src/schemas/org.schema.ts": 1776100800.634098,
  "packages/shared/src/schemas/index.ts": 1776100820.9858832,
  "packages/shared/src/schemas/project.schema.ts": 1776098749.840496,
  "packages/shared/src/schemas/auth.schema.ts": 1776098746.3642266,
  "packages/shared/src/services/supplier.service.ts": 1776102291.843427,
  "packages/shared/src/services/project.service.ts": 1776099118.4928696,
  "packages/shared/src/services/auth.service.ts": 1776098734.879167,
  "packages/shared/src/services/rfi.service.ts": 1776099153.468503,
  "packages/shared/src/services/billing.service.ts": 1776102282.23321,
  "packages/shared/src/services/compliance.service.ts": 1776099144.008922,
  "packages/shared/src/services/org.service.ts": 1776100816.633544,
  "packages/shared/src/services/procurement.service.ts": 1776128934.7457216,
  "packages/shared/src/services/index.ts": 1776129684.300096,
  "packages/shared/src/services/diary.service.ts": 1776129681.8344085,
  "packages/shared/src/services/storage.service.ts": 1776101180.5693316,
  "packages/shared/src/services/snag.service.ts": 1776099131.5755522,
  "packages/shared/src/services/floor-plan.service.ts": 1776102058.7924995,
  "packages/db/src/types.ts": 1776100970.0969932,
  "packages/db/src/client.ts": 1776098044.3872342,
  "packages/db/src/index.ts": 1776098040.3764937,
  "apps/web/tailwind.config.ts": 1776098862.800559,
  "apps/web/next.config.ts": 1776098864.6208582,
  "apps/web/src/middleware.ts": 1776102458.0609128,
  "apps/web/src/app/layout.tsx": 1776129132.7646282,
  "apps/web/src/app/page.tsx": 1776098840.275612,
  "apps/web/src/app/auth/signout/route.ts": 1776099374.2799602,
  "apps/web/src/app/(portal)/layout.tsx": 1776102464.9350793,
  "apps/web/src/app/(portal)/portal/compliance/page.tsx": 1776102477.1306,
  "apps/web/src/app/(portal)/portal/compliance/[siteId]/CopyLinkButton.tsx": 1776102501.2785807,
  "apps/web/src/app/(portal)/portal/compliance/[siteId]/page.tsx": 1776102523.4064453,
  "apps/web/src/app/api/paystack/webhook/route.ts": 1776102555.1946952,
  "apps/web/src/app/api/paystack/checkout/route.ts": 1776102304.0573492,
  "apps/web/src/app/api/paystack/callback/route.ts": 1776102311.908523,
  "apps/web/src/app/(auth)/layout.tsx": 1776098807.603978,
  "apps/web/src/app/(auth)/auth/callback/route.ts": 1776098832.1979682,
  "apps/web/src/app/(auth)/signup/page.tsx": 1776098830.609159,
  "apps/web/src/app/(auth)/login/page.tsx": 1776098817.9925227,
  "apps/web/src/app/onboarding/page.tsx": 1776100861.969468,
  "apps/web/src/app/onboarding/join/page.tsx": 1776100875.2065651,
  "apps/web/src/app/(admin)/layout.tsx": 1776099218.5913584,
  "apps/web/src/app/(admin)/settings/OrgSettingsForm.tsx": 1776129001.552753,
  "apps/web/src/app/(admin)/settings/ProfileSettingsForm.tsx": 1776128991.3924499,
  "apps/web/src/app/(admin)/settings/page.tsx": 1776128983.5198429,
  "apps/web/src/app/(admin)/settings/team/RevokeInviteButton.tsx": 1776100906.3898158,
  "apps/web/src/app/(admin)/settings/team/page.tsx": 1776100890.5660002,
  "apps/web/src/app/(admin)/settings/team/InviteForm.tsx": 1776100903.3247213,
  "apps/web/src/app/(admin)/settings/billing/BillingCheckoutButton.tsx": 1776102352.8840098,
  "apps/web/src/app/(admin)/settings/billing/page.tsx": 1776102348.8812146,
  "apps/web/src/app/(admin)/projects/page.tsx": 1776099243.154733,
  "apps/web/src/app/(admin)/projects/new/page.tsx": 1776099278.903829,
  "apps/web/src/app/(admin)/projects/[id]/page.tsx": 1776129834.2151444,
  "apps/web/src/app/(admin)/projects/[id]/handover/HandoverActions.tsx": 1776129810.132839,
  "apps/web/src/app/(admin)/projects/[id]/handover/page.tsx": 1776129829.1733568,
  "apps/web/src/app/(admin)/projects/[id]/floor-plans/FloorPlanUploadButton.tsx": 1776102073.507692,
  "apps/web/src/app/(admin)/projects/[id]/floor-plans/page.tsx": 1776102114.2681005,
  "apps/web/src/app/(admin)/projects/[id]/diary/page.tsx": 1776129722.7990916,
  "apps/web/src/app/(admin)/projects/[id]/diary/AddDiaryEntryForm.tsx": 1776129706.5689414,
  "apps/web/src/app/(admin)/projects/[id]/snags/page.tsx": 1776129022.030805,
  "apps/web/src/app/(admin)/projects/[id]/snags/new/page.tsx": 1776101218.37994,
  "apps/web/src/app/(admin)/marketplace/page.tsx": 1776102367.3627818,
  "apps/web/src/app/(admin)/marketplace/[supplierId]/OrderButton.tsx": 1776102401.7002141,
  "apps/web/src/app/(admin)/marketplace/[supplierId]/page.tsx": 1776102388.440546,
  "apps/web/src/app/(admin)/rfis/page.tsx": 1776099328.7056742,
  "apps/web/src/app/(admin)/rfis/new/page.tsx": 1776101273.7088034,
  "apps/web/src/app/(admin)/rfis/[id]/RfiCloseButton.tsx": 1776101298.0066562,
  "apps/web/src/app/(admin)/rfis/[id]/page.tsx": 1776101288.9463518,
  "apps/web/src/app/(admin)/rfis/[id]/RfiRespondForm.tsx": 1776101294.4414024,
  "apps/web/src/app/(admin)/compliance/page.tsx": 1776099303.7576017,
  "apps/web/src/app/(admin)/compliance/[siteId]/CocUploadButton.tsx": 1776101541.2358098,
  "apps/web/src/app/(admin)/compliance/[siteId]/page.tsx": 1776102768.1757722,
  "apps/web/src/app/(admin)/dashboard/page.tsx": 1776099232.454129,
  "apps/web/src/app/(admin)/procurement/NewProcurementForm.tsx": 1776128970.6646845,
  "apps/web/src/app/(admin)/procurement/page.tsx": 1776129567.6122339,
  "apps/web/src/app/(admin)/procurement/ProcurementStatusButton.tsx": 1776129559.2035887,
  "apps/web/src/app/(admin)/snags/page.tsx": 1776099291.3966517,
  "apps/web/src/app/(admin)/snags/[id]/SnagPhotoGrid.tsx": 1776101249.8863232,
  "apps/web/src/app/(admin)/snags/[id]/SnagStatusForm.tsx": 1776101243.6686184,
  "apps/web/src/app/(admin)/snags/[id]/page.tsx": 1776101234.9251323,
  "apps/web/src/app/share/coc/[siteId]/page.tsx": 1776102551.567624,
  "apps/web/src/components/ui/Card.tsx": 1776099183.37459,
  "apps/web/src/components/ui/ReportButton.tsx": 1776102749.0532146,
  "apps/web/src/components/ui/Badge.tsx": 1776099167.6750548,
  "apps/web/src/components/ui/Button.tsx": 1776099174.4539032,
  "apps/web/src/components/ui/EmptyState.tsx": 1776099194.3705494,
  "apps/web/src/components/layout/Header.tsx": 1776099191.5801017,
  "apps/web/src/components/layout/Sidebar.tsx": 1776102413.0134265,
  "apps/web/src/components/providers/AnalyticsProvider.tsx": 1776102722.6110454,
  "apps/web/src/components/providers/ErrorBoundary.tsx": 1776102729.868826,
  "apps/web/src/lib/sentry.ts": 1776102738.0612183,
  "apps/web/src/lib/supabase/middleware.ts": 1776098768.445862,
  "apps/web/src/lib/supabase/client.ts": 1776098760.3344104,
  "apps/web/src/lib/supabase/server.ts": 1776098764.6231885,
  "apps/mobile/app.config.ts": 1776229221.2720973,
  "apps/mobile/app/_layout.tsx": 1776229221.2726343,
  "apps/mobile/app/qr-scan.tsx": 1776102095.8333764,
  "apps/mobile/app/projects/[id]/index.tsx": 1776129745.5544739,
  "apps/mobile/app/(tabs)/projects.tsx": 1776099345.3915198,
  "apps/mobile/app/(tabs)/dashboard.tsx": 1776102212.938294,
  "apps/mobile/app/(tabs)/compliance.tsx": 1776101641.7343292,
  "apps/mobile/app/(tabs)/_layout.tsx": 1776098804.601657,
  "apps/mobile/app/(tabs)/snags.tsx": 1776101683.340801,
  "apps/mobile/app/rfis/index.tsx": 1776129087.5473962,
  "apps/mobile/app/rfis/create.tsx": 1776129467.6455016,
  "apps/mobile/app/rfis/[id].tsx": 1776129518.7824752,
  "apps/mobile/app/floor-plans/[id].tsx": 1776102158.4160204,
  "apps/mobile/app/diary/[projectId].tsx": 1776129788.7686296,
  "apps/mobile/app/(auth)/login.tsx": 1776098804.334001,
  "apps/mobile/app/(auth)/signup.tsx": 1776100932.8970337,